{"is_source_file": true, "format": "JavaScript (JSX)", "description": "React component for the Dashboard page of a travel planning app, displaying overview metrics and recent activity.", "external_files": ["react", "react-router-dom", "lucide-react"], "external_methods": ["react", "react-router-dom.Link", "lucide-react.Map", "lucide-react.Calendar", "lucide-react.ListChecks"], "published": ["Dashboard"], "classes": [], "methods": [{"name": "Dashboard", "description": "Functional React component rendering the dashboard page layout with statistics and navigation links."}], "calls": ["React", "Link", "Map", "Calendar", "ListChecks"], "search-terms": ["Dashboard.jsx", "React component", "travel frontend", "overview", "react-router-dom", "lucide-react"], "state": 2, "file_id": 21, "knowledge_revision": 50, "git_revision": "", "ctags": [{"_type": "tag", "name": "Dashboard", "path": "/home/kavia/workspace/code-generation/travel-planner-pro-319020-319031/travel_frontend/src/pages/Dashboard.jsx", "pattern": "/^const Dashboard = () => {$/", "language": "JavaScript", "kind": "constant"}], "hash": "29923d154a355d38c9076d7dc6da6cdd", "format-version": 4, "code-base-name": "travel_frontend", "filename": "travel_frontend/src/pages/Dashboard.jsx", "revision_history": [{"50": ""}]}