{"is_source_file": true, "format": "JavaScript (React JSX)", "description": "A React functional component named PackingList that renders a page header and a placeholder message for managing packing lists.", "external_files": ["react"], "external_methods": [], "published": ["PackingList"], "classes": [], "methods": [{"name": "PackingList", "description": "Functional React component that renders the packing list management UI."}], "calls": ["React"], "search-terms": ["PackingList", "React", "packing list", "UI", "component", "trip"], "state": 2, "file_id": 24, "knowledge_revision": 53, "git_revision": "", "ctags": [{"_type": "tag", "name": "PackingList", "path": "/home/kavia/workspace/code-generation/travel-planner-pro-319020-319031/travel_frontend/src/pages/PackingList.jsx", "pattern": "/^const PackingList = () => {$/", "language": "JavaScript", "kind": "constant"}], "hash": "55ab03faaa3e6427dc9058af9e477097", "format-version": 4, "code-base-name": "travel_frontend", "filename": "travel_frontend/src/pages/PackingList.jsx", "revision_history": [{"53": ""}]}