{"is_source_file": true, "format": "JavaScript (React JSX)", "description": "A React functional component named Itinerary for displaying the itinerary builder page with static content.", "external_files": [], "external_methods": [], "published": ["Itinerary"], "classes": [], "methods": [{"name": "Itinerary", "description": "Functional React component rendering the itinerary page layout with static content."}], "calls": [], "search-terms": ["Itinerary", "React", "JSX", "trip", "builder"], "state": 2, "file_id": 23, "knowledge_revision": 52, "git_revision": "", "ctags": [{"_type": "tag", "name": "Itinerary", "path": "/home/kavia/workspace/code-generation/travel-planner-pro-319020-319031/travel_frontend/src/pages/Itinerary.jsx", "pattern": "/^const Itinerary = () => {$/", "language": "JavaScript", "kind": "constant"}], "hash": "976f6f4996a5740469ab6a142e27e085", "format-version": 4, "code-base-name": "travel_frontend", "filename": "travel_frontend/src/pages/Itinerary.jsx", "revision_history": [{"52": ""}]}