{"is_source_file": true, "format": "JavaScript (React JSX)", "description": "A React functional component 'Modal' that renders a modal/dialog window with a title, close button, and content. It handles visibility via the 'isOpen' prop and triggers 'onClose' when the close button is clicked.", "external_files": ["react", "lucide-react", "clsx"], "external_methods": ["React", "X"], "published": ["Modal"], "classes": [], "methods": [{"name": "Modal", "description": "React functional component that displays a modal dialog with title and children content, hidden when 'isOpen' is false."}], "calls": ["React", "onClose", "X"], "search-terms": ["Modal", "React component", "JSX modal", "dialog box", "close button"], "state": 2, "file_id": 27, "knowledge_revision": 57, "git_revision": "", "ctags": [{"_type": "tag", "name": "Modal", "path": "/home/kavia/workspace/code-generation/travel-planner-pro-319020-319031/travel_frontend/src/components/Modal.jsx", "pattern": "/^const Modal = ({ isOpen, onClose, title, children }) => {$/", "language": "JavaScript", "kind": "constant"}, {"_type": "tag", "name": "isOpen", "path": "/home/kavia/workspace/code-generation/travel-planner-pro-319020-319031/travel_frontend/src/components/Modal.jsx", "pattern": "/^const Modal = ({ isOpen, onClose, title, children }) => {$/", "language": "JavaScript", "kind": "field", "scope": "Modal", "scopeKind": "class"}, {"_type": "tag", "name": "onClose", "path": "/home/kavia/workspace/code-generation/travel-planner-pro-319020-319031/travel_frontend/src/components/Modal.jsx", "pattern": "/^            onClick={onClose}$/", "language": "JavaScript", "kind": "field", "scope": "onClick", "scopeKind": "class"}], "hash": "43de1809fd3286e4a161f7894ebc39e8", "format-version": 4, "code-base-name": "travel_frontend", "filename": "travel_frontend/src/components/Modal.jsx", "fields": [{"name": "const Modal = ({ isOpen, onClose, title, children }) => {", "scope": "Modal", "scopeKind": "class", "description": "unavailable"}, {"name": "onClick={onClose}", "scope": "onClick", "scopeKind": "class", "description": "unavailable"}], "revision_history": [{"57": ""}]}