{"is_source_file": true, "format": "JavaScript/JSX", "description": "React component defining the main application routes for a travel planning frontend app.", "external_files": ["react", "react-router-dom", "./components/Layout", "./pages/Dashboard", "./pages/Trips", "./pages/Itinerary", "./pages/PackingList", "./pages/Notes"], "external_methods": ["React", "BrowserRouter", "Routes", "Route"], "published": ["App"], "classes": [], "methods": [{"name": "App()", "description": "Main React functional component setting up routing structure for the app.", "scope": "", "scopeKind": ""}], "calls": ["React", "Router", "Routes", "Route", "Layout", "Dashboard", "Trips", "Itinerary", "PackingList", "Notes"], "search-terms": ["React Router", "Main App Component", "Routing", "React JSX", "Travel Planner Frontend"], "state": 3, "file_id": 26, "knowledge_revision": 65, "git_revision": "", "ctags": [], "hash": null, "format-version": 4, "code-base-name": "travel_frontend", "filename": "travel_frontend/src/App.jsx", "revision_history": [{"55": ""}]}