{"is_source_file": true, "format": "JavaScript (React JSX)", "description": "A React functional component that renders a 'Travel Notes' page with a header and placeholder content.", "external_files": ["react"], "external_methods": ["React"], "published": ["Notes"], "classes": [], "methods": [{"name": "Notes", "description": "React functional component rendering the travel notes page layout."}], "calls": ["React"], "search-terms": ["Notes", "React", "JSX", "travel notes page", "front-end React component"], "state": 2, "file_id": 25, "knowledge_revision": 54, "git_revision": "", "ctags": [{"_type": "tag", "name": "Notes", "path": "/home/kavia/workspace/code-generation/travel-planner-pro-319020-319031/travel_frontend/src/pages/Notes.jsx", "pattern": "/^const Notes = () => {$/", "language": "JavaScript", "kind": "constant"}], "hash": "a56ca62b30841da19da6a956bb47dc8b", "format-version": 4, "code-base-name": "travel_frontend", "filename": "travel_frontend/src/pages/Notes.jsx", "revision_history": [{"54": ""}]}