{"is_source_file": true, "format": "JavaScript/React JSX", "description": "This file is a React component for displaying and managing a list of trips, including functionality to fetch trips, display them, and create new trips via a modal form.", "external_files": ["../services/api", "../components/Modal"], "external_methods": ["tripService.getAll()", "tripService.create()"], "published": [], "classes": [], "methods": [{"name": "Trips", "description": "Main React functional component managing trips display and creation."}, {"name": "loadTrips", "description": "Loads trips data, with fallback mock data if fetching fails or returns empty."}, {"name": "handleCreateTrip", "description": "Handles the creation of a new trip, updates local state, and closes the modal."}], "calls": ["React.useState", "React.useEffect", "tripService.getAll", "setTrips", "setLoading", "setIsModalOpen", "setNewTrip", "tripService.create"], "search-terms": ["Trips.jsx", "Trip creation modal", "tripService API calls", "React hooks", "Trip list rendering"], "state": 2, "file_id": 22, "knowledge_revision": 58, "git_revision": "", "revision_history": [{"51": ""}, {"58": ""}], "ctags": [{"_type": "tag", "name": "Trips", "path": "/home/kavia/workspace/code-generation/travel-planner-pro-319020-319031/travel_frontend/src/pages/Trips.jsx", "pattern": "/^const Trips = () => {$/", "language": "JavaScript", "kind": "constant"}, {"_type": "tag", "name": "createdTrip", "path": "/home/kavia/workspace/code-generation/travel-planner-pro-319020-319031/travel_frontend/src/pages/Trips.jsx", "pattern": "/^        const createdTrip = { ...newTrip, id: tempId };$/", "language": "JavaScript", "kind": "constant"}, {"_type": "tag", "name": "handleCreateTrip", "path": "/home/kavia/workspace/code-generation/travel-planner-pro-319020-319031/travel_frontend/src/pages/Trips.jsx", "pattern": "/^  const handleCreateTrip = async (e) => {$/", "language": "JavaScript", "kind": "constant"}, {"_type": "tag", "name": "isModalOpen", "path": "/home/kavia/workspace/code-generation/travel-planner-pro-319020-319031/travel_frontend/src/pages/Trips.jsx", "pattern": "/^        isOpen={isModalOpen}$/", "language": "JavaScript", "kind": "field", "scope": "isOpen", "scopeKind": "class"}, {"_type": "tag", "name": "loadTrips", "path": "/home/kavia/workspace/code-generation/travel-planner-pro-319020-319031/travel_frontend/src/pages/Trips.jsx", "pattern": "/^  const loadTrips = async () => {$/", "language": "JavaScript", "kind": "constant"}, {"_type": "tag", "name": "newTrip", "path": "/home/kavia/workspace/code-generation/travel-planner-pro-319020-319031/travel_frontend/src/pages/Trips.jsx", "pattern": "/^                value={newTrip.endDate}$/", "language": "JavaScript", "kind": "field", "scope": "value", "scopeKind": "class"}, {"_type": "tag", "name": "newTrip", "path": "/home/kavia/workspace/code-generation/travel-planner-pro-319020-319031/travel_frontend/src/pages/Trips.jsx", "pattern": "/^                value={newTrip.startDate}$/", "language": "JavaScript", "kind": "field", "scope": "value", "scopeKind": "class"}, {"_type": "tag", "name": "newTrip", "path": "/home/kavia/workspace/code-generation/travel-planner-pro-319020-319031/travel_frontend/src/pages/Trips.jsx", "pattern": "/^              value={newTrip.destination}$/", "language": "JavaScript", "kind": "field", "scope": "value", "scopeKind": "class"}, {"_type": "tag", "name": "newTrip", "path": "/home/kavia/workspace/code-generation/travel-planner-pro-319020-319031/travel_frontend/src/pages/Trips.jsx", "pattern": "/^              value={newTrip.title}$/", "language": "JavaScript", "kind": "field", "scope": "value", "scopeKind": "class"}, {"_type": "tag", "name": "response", "path": "/home/kavia/workspace/code-generation/travel-planner-pro-319020-319031/travel_frontend/src/pages/Trips.jsx", "pattern": "/^      const response = await tripService.getAll().catch(() => ({ data: [] }));$/", "language": "JavaScript", "kind": "constant"}, {"_type": "tag", "name": "setIsModalOpen", "path": "/home/kavia/workspace/code-generation/travel-planner-pro-319020-319031/travel_frontend/src/pages/Trips.jsx", "pattern": "/^  const [isModalOpen, setIsModalOpen] = useState(false);$/", "language": "JavaScript", "kind": "constant"}, {"_type": "tag", "name": "setLoading", "path": "/home/kavia/workspace/code-generation/travel-planner-pro-319020-319031/travel_frontend/src/pages/Trips.jsx", "pattern": "/^  const [loading, setLoading] = useState(true);$/", "language": "JavaScript", "kind": "constant"}, {"_type": "tag", "name": "setNewTrip", "path": "/home/kavia/workspace/code-generation/travel-planner-pro-319020-319031/travel_frontend/src/pages/Trips.jsx", "pattern": "/^  const [newTrip, setNewTrip] = useState({ title: '', destination: '', startDate: '', endDate: '/", "language": "JavaScript", "kind": "constant"}, {"_type": "tag", "name": "setTrips", "path": "/home/kavia/workspace/code-generation/travel-planner-pro-319020-319031/travel_frontend/src/pages/Trips.jsx", "pattern": "/^  const [trips, setTrips] = useState([]);$/", "language": "JavaScript", "kind": "constant"}, {"_type": "tag", "name": "tempId", "path": "/home/kavia/workspace/code-generation/travel-planner-pro-319020-319031/travel_frontend/src/pages/Trips.jsx", "pattern": "/^        const tempId = Date.now();$/", "language": "JavaScript", "kind": "constant"}], "hash": "3cbfdd817a8006a17bf0cfee48f39f20", "format-version": 4, "code-base-name": "travel_frontend", "filename": "travel_frontend/src/pages/Trips.jsx", "fields": [{"name": "isOpen={isModalOpen}", "scope": "isOpen", "scopeKind": "class", "description": "unavailable"}, {"name": "value={newTrip.endDate}", "scope": "value", "scopeKind": "class", "description": "unavailable"}, {"name": "value={newTrip.startDate}", "scope": "value", "scopeKind": "class", "description": "unavailable"}, {"name": "value={newTrip.destination}", "scope": "value", "scopeKind": "class", "description": "unavailable"}, {"name": "value={newTrip.title}", "scope": "value", "scopeKind": "class", "description": "unavailable"}]}