{"is_source_file": true, "format": "JavaScript/JSX", "description": "This file defines a React functional component named Sidebar, which renders a navigation sidebar with links to various routes in a travel planning application. It includes navigation items with icons, a header, and a logout button that clears a token from localStorage and redirects to a login page.", "external_files": ["react", "react-router-dom", "lucide-react", "clsx"], "external_methods": ["localStorage.removeItem", "window.location.href", "NavLink (from react-router-dom)"], "published": ["Sidebar"], "classes": [], "methods": [{"name": "handleLogout", "description": "Handles user logout by removing the authentication token from localStorage and redirecting to the login page."}], "calls": ["localStorage.removeItem", "window.location.href", "NavLink", "clsx"], "search-terms": ["Sidebar", "navigation", "React component", "React Router", "logout", "localStorage"], "state": 2, "file_id": 19, "knowledge_revision": 42, "git_revision": "", "ctags": [{"_type": "tag", "name": "Sidebar", "path": "/home/kavia/workspace/code-generation/travel-planner-pro-319020-319031/travel_frontend/src/components/Sidebar.jsx", "pattern": "/^const Sidebar = () => {$/", "language": "JavaScript", "kind": "constant"}, {"_type": "tag", "name": "handleLogout", "path": "/home/kavia/workspace/code-generation/travel-planner-pro-319020-319031/travel_frontend/src/components/Sidebar.jsx", "pattern": "/^          onClick={handleLogout}$/", "language": "JavaScript", "kind": "field", "scope": "onClick", "scopeKind": "class"}, {"_type": "tag", "name": "handleLogout", "path": "/home/kavia/workspace/code-generation/travel-planner-pro-319020-319031/travel_frontend/src/components/Sidebar.jsx", "pattern": "/^  const handleLogout = () => {$/", "language": "JavaScript", "kind": "constant"}, {"_type": "tag", "name": "navItems", "path": "/home/kavia/workspace/code-generation/travel-planner-pro-319020-319031/travel_frontend/src/components/Sidebar.jsx", "pattern": "/^  const navItems = [$/", "language": "JavaScript", "kind": "constant"}], "hash": "c3b947c61ea50aa323bc9f039cf3cf7b", "format-version": 4, "code-base-name": "travel_frontend", "filename": "travel_frontend/src/components/Sidebar.jsx", "fields": [{"name": "onClick={handleLogout}", "scope": "onClick", "scopeKind": "class", "description": "unavailable"}], "revision_history": [{"42": ""}]}