{"is_source_file": true, "format": "JavaScript (React JSX)", "description": "React component defining a layout with a sidebar and outlet for nested routes.", "external_files": ["react", "react-router-dom", "./Sidebar"], "external_methods": ["Outlet"], "published": ["Layout"], "classes": [], "methods": [{"name": "Layout", "description": "Functional React component rendering the main layout structure."}], "calls": ["React", "Outlet", "Sidebar"], "search-terms": ["Layout", "React JSX layout component", "Sidebar", "Outlet"], "state": 2, "file_id": 20, "knowledge_revision": 43, "git_revision": "", "ctags": [{"_type": "tag", "name": "Layout", "path": "/home/kavia/workspace/code-generation/travel-planner-pro-319020-319031/travel_frontend/src/components/Layout.jsx", "pattern": "/^const Layout = () => {$/", "language": "JavaScript", "kind": "constant"}], "hash": "069f6a5830b06071f6680f9c6afada0a", "format-version": 4, "code-base-name": "travel_frontend", "filename": "travel_frontend/src/components/Layout.jsx", "revision_history": [{"43": ""}]}