{"is_source_file": true, "format": "JavaScript (React JSX)", "description": "This file is a React entry point that initializes the React application by rendering the main App component into the DOM.", "external_files": ["./App.jsx", "./index.css"], "external_methods": ["ReactDOM.createRoot"], "published": [], "classes": [], "methods": [], "calls": ["ReactDOM.createRoot", "render"], "search-terms": ["React", "ReactDOM", "jsx", "main.jsx", "React StrictMode"], "state": 3, "file_id": 17, "knowledge_revision": 63, "git_revision": "", "ctags": [], "hash": null, "format-version": 4, "code-base-name": "travel_frontend", "filename": "travel_frontend/src/main.jsx", "revision_history": [{"38": ""}]}