{"is_source_file": true, "format": "JavaScript", "description": "This file sets up an API client using axios for a travel planner frontend application. It defines a base URL, sets up request and response interceptors for authentication and error handling, and exports service objects for interacting with various API endpoints related to authentication, trips, itineraries, packing lists, and notes.", "external_files": ["axios"], "external_methods": ["localStorage.getItem", "localStorage.removeItem"], "published": ["authService", "tripService", "itineraryService", "packingListService", "noteService", "api"], "classes": [], "methods": [{"name": "login", "description": "Sends a POST request to authenticate a user with given credentials."}, {"name": "register", "description": "Sends a POST request to register a new user with provided data."}, {"name": "getCurrentUser", "description": "Retrieves the current authenticated user's information."}, {"name": "getAll", "description": "Fetches all trips or related data depending on the service (tripService, itineraryService, etc)."}, {"name": "getById", "description": "Fetches a trip or resource by its ID."}, {"name": "create", "description": "Creates a new trip, itinerary, packing list, or note."}, {"name": "update", "description": "Updates an existing resource by ID."}, {"name": "delete", "description": "Deletes a resource by ID."}], "calls": ["axios.create", "axios.post", "axios.get", "axios.put", "axios.delete", "localStorage.getItem", "localStorage.removeItem", "api.interceptors.request.use", "api.interceptors.response.use"], "search-terms": ["api client setup", "axios interceptors", "travel planner API", "authentication service", "trip CRUD", "itinerary CRUD", "packing list CRUD", "notes CRUD"], "state": 3, "file_id": 18, "knowledge_revision": 64, "git_revision": "", "ctags": [], "hash": null, "format-version": 4, "code-base-name": "travel_frontend", "filename": "travel_frontend/src/services/api.js", "fields": [{"name": "create: (data) => api.post('\\/itineraries', data),", "scope": "itineraryService", "scopeKind": "class", "description": "unavailable"}, {"name": "create: (data) => api.post('\\/notes', data),", "scope": "noteService", "scopeKind": "class", "description": "unavailable"}, {"name": "create: (data) => api.post('\\/packing-lists', data),", "scope": "packingListService", "scopeKind": "class", "description": "unavailable"}, {"name": "create: (data) => api.post('\\/trips', data),", "scope": "tripService", "scopeKind": "class", "description": "unavailable"}, {"name": "delete: (id) => api.delete(`\\/itineraries\\/${id}`),", "scope": "itineraryService", "scopeKind": "class", "description": "unavailable"}, {"name": "delete: (id) => api.delete(`\\/notes\\/${id}`),", "scope": "noteService", "scopeKind": "class", "description": "unavailable"}, {"name": "delete: (id) => api.delete(`\\/packing-lists\\/${id}`),", "scope": "packingListService", "scopeKind": "class", "description": "unavailable"}, {"name": "delete: (id) => api.delete(`\\/trips\\/${id}`),", "scope": "tripService", "scopeKind": "class", "description": "unavailable"}, {"name": "getAll: () => api.get('\\/trips'),", "scope": "tripService", "scopeKind": "class", "description": "unavailable"}, {"name": "getAll: (tripId) => api.get(`\\/itineraries?trip_id=${tripId}`),", "scope": "itineraryService", "scopeKind": "class", "description": "unavailable"}, {"name": "getAll: (tripId) => api.get(`\\/notes?trip_id=${tripId}`),", "scope": "noteService", "scopeKind": "class", "description": "unavailable"}, {"name": "getAll: (tripId) => api.get(`\\/packing-lists?trip_id=${tripId}`),", "scope": "packingListService", "scopeKind": "class", "description": "unavailable"}, {"name": "getById: (id) => api.get(`\\/trips\\/${id}`),", "scope": "tripService", "scopeKind": "class", "description": "unavailable"}, {"name": "getCurrentUser: () => api.get('\\/auth\\/me'),", "scope": "authService", "scopeKind": "class", "description": "unavailable"}, {"name": "login: (credentials) => api.post('\\/auth\\/login', credentials),", "scope": "authService", "scopeKind": "class", "description": "unavailable"}, {"name": "register: (data) => api.post('\\/auth\\/register', data),", "scope": "authService", "scopeKind": "class", "description": "unavailable"}, {"name": "update: (id, data) => api.put(`\\/itineraries\\/${id}`, data),", "scope": "itineraryService", "scopeKind": "class", "description": "unavailable"}, {"name": "update: (id, data) => api.put(`\\/notes\\/${id}`, data),", "scope": "noteService", "scopeKind": "class", "description": "unavailable"}, {"name": "update: (id, data) => api.put(`\\/packing-lists\\/${id}`, data),", "scope": "packingListService", "scopeKind": "class", "description": "unavailable"}, {"name": "update: (id, data) => api.put(`\\/trips\\/${id}`, data),", "scope": "tripService", "scopeKind": "class", "description": "unavailable"}], "revision_history": [{"41": ""}]}