{"is_source_file": true, "format": "JavaScript (ECMAScript module with Tailwind CSS configuration)", "description": "This is a Tailwind CSS configuration file that defines content paths, theme extensions including custom colors and font family, and plugins for the Tailwind CSS setup.", "external_files": ["index.html", "./src/**/*.{js,ts,jsx,tsx}"], "external_methods": [], "published": [], "classes": [], "methods": [], "calls": [], "search-terms": ["tailwind.config.js", "tailwindcss", "content", "theme", "colors", "fontFamily", "plugins"], "state": 2, "file_id": 15, "knowledge_revision": 34, "git_revision": "", "ctags": [], "hash": "40e1b1c46c3d64842b977ececefb9c2f", "format-version": 4, "code-base-name": "travel_frontend", "filename": "travel_frontend/tailwind.config.js", "revision_history": [{"34": ""}]}